Num,Name,Template_seq
1,Actinobacteria,CGTGTCGTGAGATGTTGGGTTAAGTCCCGCAACGAGCGCAACCCTTGTCTTATGTTGCCAGCACGTGATGGTGGGGACTCATGAGAGACTGCCGGGGTTAACTCGGAGGAAGGTGGGGATGACGTCAAATCATCATGCCCCTTATGTCCAGGGCTTCACACATGCTACAATGGTCGGTACAACGCGCTGCGAGCCTGTGAGGGTGAGCGAATCGCTGAAAGCCGGCCTCAGTTCGGATTGGGGTCTGCAACTCGACCCCATGAAGTCGGAGTCGCTAGTAATCGCAGATCAGCAACGCTGCGGTGAATACGTTCCCGGGCCTTGTACACACCGCCCGTCACGTCATGAAAGTTGGTAACACCCGAAGCCAGTGGCCTAACCCTTGTGGGGGGAGCTGTCGAAGGTGGGATCGGCGATTGGGACGAAGTCGTAACAAGGTAGCCGTACCGGAAGGTGCGGCTGGATCACCTCCTTT
2,Spirochaetes,TTGGGTTAAGTCCCGCAACGAGCGCAACCCTCACCTTATGTTGCCATCATTCAGTTGGGCACTCGTAAGGAACTGCCGGTGACAAACCGGAGGAAGGCGGGGATGACGTCAAATCCTCATGGCCTTTATGTCTAGGGCAACACACGTGCTACAATGGCCGGTACAAAGGGTAGCCAACTCGCGAGGGGGAGCTAATCTCAAAAATCCGGTCCCAGTTCGGATTGGAGTCTGCAACTCGACTCCATGAAGTCGGAATCGCTAGTAATCGCGGATCAGCATGCCGCGGTGAATACGTTCCCGGACCTTGTACACACCGCCCGTCACACCACCTGAGTGGGGAGCACCCGAAGTGGTCTTTGCCAACCGCAAGGAAGCAGACTACTAAGGTGAAACTCGTGAAGGGGGTGAAGTCGTAACAAGGTAGCCGTATCGGAAGGTGCGGCTGGATCACCTCCTTT
3,Synergistetes,GTCGTGAGATGTTGGGTTAAGTCCCGCAACGAGCGCAACCCCTATTGCCAGTTGCTAACGGGAGAGCCGAGGACTCTGGCGAGACTGCCGTCGACAAGGCGGAGGAAGGTGGGGACGACGTCAAGTCATCATGGCCTTTATGCCCAGGGCGACACACGTGCTACAATGGCCGGCACAGAGGGGAGCGAGACCGCGAGGTGGAGCGAATCCCAGAAAGCCGGTCCCAGTTCGGATTGCAGTCTGCAACTCGACTGCATGAAGCCGGAATCGCTAGTAATCGCGGATCAGCCAAGCCGCGGTGAATACGTTCCCGGGCCTTGTACACACCGCCCGTCACACCACCCGAGTTGGGTGTACCCGAAGTCACCGGCCTAACCTGCGAGGGGAGGAGGTGCCTAAGGTATGCTTGGTAAGGGGGGTGAAGTCGTAACAAGGTAGCCGTACCGGAAGGTGCGGCTGGATCACCTCCTTT
4,Dictyoglomi,TGGAGCCTGCACAGGTGGTGCATGGCTGTCGTCAGCTCGTGTCGTGAGATGTTGGGTTAAGTCCCGCAACGAGCGCAACCCCTGCCCTTAGTTGCCAGCGGGTAAAGCCGGGCACTCTAAGGGGACTGCCGGCGAAGAGCCGGAGGAAGGTGGGGATGACGTCAAGTCAGTATGCCCCTTATGCCCTGGGCTACACACGCGCTACAATGGGTGGTACAGAGGGGAGCGAAGCCGCGAGGCGGAGCGAATCCCTAAAGCCACCCCCAGTTCAGATCGCAGGCTGCAACTCGCCTGCGTGAAGGCGGAATCGCTAGTAACCGCAGATCAGCCACGCTGCGGTGAATACGTTCTCGGGCCTTGTACACACCGCCCGTCACACCACGAGAGTCCGCAACACCCGAAGTCAGGCGAAGAGCCTGCCGAAGGTGGGGCGGATGATTGGGGTGAAGTCGTAACAAGGTAGCCGTACCGGAAGGTGCGG
5,Thermodesulfobacteria,TGCCTGGGAGCCCTAGCACAGGTGCTGCATGGCTGTCGTCAGCTCGTGTCGTGAGATGTTGGGTTAAGTCCCGCAACGAGCGCAACCCTTGCCCTTAGTTGCCAGCGGGTAGAGCCGGGCACTCTAGGGGGACTGCCGGGGACAACCCGGAGGAAGGGGGGGATGACGTCAAGTCATCATGGCCCTTATGCCCAGGGCTACACACGTGCTACAATGGGCGGTACAGAGGGAAGCGAACCCGTAAGGGGGAGCAAATCCCAGAAAGCCGCTCTCAGTACGGATCGGGGTCTGCAACTCGACCCCGTGAAGCCGGAATCGCTAGTAACGGCGGATCAGCATGCCGCCGTGAATACGTTCCCGGGCCTTGTACACACCGCCCGTCACACCACGGGAGCTGGCTCTGCCCGAAGTCGCTATCCCAACCCCCGGAAGGGGGAGGGAGGCGCCGACGGCAGGGCTGGTGACTGGGGTGAAGTCGTAA
6,Elusimicrobia,GTCGTCAGCTCGTGTCGTGAGATGTTGGGTTAAGTCCCGCAACGAGCGCAACCCCTATTCTGTGTTGCCTAGCAATAGGATCTCTCAGAAGACTGCCGCGGATAACGTGGAGGAAGGTGGGGATGACGTCAAATCATCATGGCCTTTATGTCCAGGGCTACACACGTAATACAATGGCATAGACAGAGGGCAGCAATATCGCGAGATGGAGCCAATCCCTAAACTATGCCCCAGTTCAGATTGCAGGCTGCAATTCGCCTGCATGAAGCCGGAATCTCTAGTAATCGCAGATCAGCACGCTGCGGTGAATACGTTCCCGGGTCTTGTACACACCGCCCGTCACACCACGAAAGTTAATTGCAACAGAAGTGCTCAGGTCGTCTGGGCCCTAAGTTGTGATTAGTAATTGGGGTGAAGTCGTAACAAGGTAGCCGTACCGGAAGGTGCGGCTGGATCACCTCCTTT
7,Chlorobi,GTGTCGTGAGATGTTGGGTTAAGTCCCGCAACGAGCGCAACCCCTACAATTAGTTACTAACAGGTTAAGCTGAGGACTCTAATTGAACTGCCTACGCAAGTAGTGAGGAAGGAGGGGATGACGTCAAGTCCTCATGGCCCTTACGCCTAGGGCCACACACGTGATACAATGGCAGCTACAGAGGGCAAAGCCGCGAGGTGGAGGAAATCCCTTAAAAGCTGTCTCAGTCCGGATCGGAGTCTGCAACTCGACTCCGTGAAGTTGGAATCGCTAGTAATCGCAGATCAGCATGCTGCGGTGAATGTGTTCCCGGGCCTTGTACACACCGCCCGTCAAGTCATGGAAGTCAGGAGTACCCAAAGACGCTCGCGCGTTTAAGGTAAGACTGGTAACTGGGACTAAGTCGTAACAAGGTAGCCGTACCGGAAGGTGCGGCTGGATCACCTCCTTT
8,Verrucomicrobia,AGATGTTTGGTTAAGTCCAGCAACGAGCGCAACCCCTGTTGCCAGTTACCAGCACGTGAAGGTGGGGACTCTGGCGAGACTGCCCAGATCAACTGGGAGGAAGGTGGGGACGACGTCAGGTCAGTATGGCCCTTATGCCCAGGGCTGCACACGTACTACAATGCCCAGTACAGAGGGGGCCGAAGCCGCGAGGCGGAGGAAATCCTAAAAACTGGGCCCAGTTCGGACTGTAGGCTGCAACCCGCCTACACGAAGCCGGAATCGCTAGTAATGGCGCATCAGCTACGGCGCCGTGAATACGTTCCCGGGTCTTGTACACACCGCCCGTCACATCATGGAAGCCGGTCGCACCCGAAGTATCTGAAGCCAACCGCAAGGAGGCAGGGTCCTAAGGTGAGACTGGTAACTGGGATGAAGTCGTAACAAGGTAGCCGTAGGGGAACCTGCGGCTGGATCACCTCCTTT
9,Deinococcus-Thermus,CTCGTGCCGTGAGGTGTTGGGTTAAGTCCCGCAACGAGCGCAACCCCCGCCGTTAGTTGCCAGCGGTTCGGCCGGGCACTCTAACGGGACTGCCCGCGAAAGCGGGAGGAAGGAGGGGACGACGTCTGGTCAGCATGGCCCTTACGGCCTGGGCGACACACGTGCTACAATGCCCACTACAAAGCGATGCCACCCGGCAACGGGGAGCTAATCGCAAAAAGGTGGGCCCAGTTCGGATTGGGGTCTGCAACCCGACCCCATGAAGCCGGAATCGCTAGTAATCGCGGATCAGCCATGCCGCGGTGAATACGTTCCCGGGCCTTGTACACACCGCCCGTCACGCCATGGGAGCGGGCTCTACCCGAAGTCGCCGGGAGCCTACGGGCAGGCGCCGAGGGTAGGGCCCGTGACTGGGGCGAAGTCGTAACAAGGTAGCTGTACCGGAAGGTGCGGCTGGATCACCTCCTTT
10,Ignavibacteriae,TGGCTGTCGTCAGCTCGTGCCGTGAGGTGTTGGGTTAAGTCCCGCAACGAGCGCAACCCCTACCATTAGTTGCCATCAGGTTAAGCTGGGCACTCTAATGGGACTGCCTACGCAAGTAGTGAGGAAGGTGGGGATGACGTCAAGTCAGCATGGCCCTTACGCCTAGGGCTACACACGTGCTACAATGGGTGCTACAACGGGTAGCGAAACCGCGAGGTGGAGCCAATCCCTAAAAAGCATCCTCAGTTCGGATTGGAGTCTGCAACCCGACTCCATGAAGCTGGAATTGCTAGTAATCGCGCATCAGCACGGCGCGGTGAATACGTTCCCGGGCCTTGTACACACCGCCCGTCAAGCCATGGAAGCCGGGGGTACCCGAAGTCAGTGACCCAACTCCGCCTCGGCGGAGAGGGAGCTGCCGAAGGTAAAACCGGTGACTGGGGCTAAGTCGTAACAAGGTAGCCGTACCGGAAGGTGCGGC
11,Gemmatimonadetes,GTGTCGTGAGATGTTGGGTTAAGTCCCGCAACGAGCGCAACCCTTGCCCTTAGTTACCAGCGAGTAAAGTCGGGGACTCTAGGGGGACTGCCGGTGCCAAACCGGAGGAAGGTGGGGACGACGTCAAGTCATCATGGTCCTTACGTCTGGGGCTACACACGTGCTACAATGGCCGGTACAGAGGGCTGCGAAAGAGCAATCTGGAGCCAATCCCTAAAGCCGGCCTCAGTTCGGATTGTCGTCTGCAACTCGACGGCATGAAGCTGGAATCGCTAGTAATCGCGGATCAGCGACGCCGCGGTGAATACGTTCCCGGGCCTTGTACACACCGCCCGTCACGCCATGGAAGCTGTGAGCGCCCGAAGTCGGTGCAGGAACCCGCAAGGGGCCAAGCCGCCTAAGGCGAGCGCAGTGACTGGGGCGAAGTCGTAACAAGGTAGCCGTAGGGGAACCTGCGGCTGGATCACCTCCTTT
12,Proteobacteria,CTGCATGGCTGTCGTCAGCTCGTGTTGTGAAATGTTGGGTTAAGTCCCGCAACGAGCGCAACCCTTATCCTTTGTTGCCAGCGGTTAGGCCGGGAACTCAAAGGAGACTGCCAGTGATAAACTGGAGGAAGGTGGGGATGACGTCAAGTCATCATGGCCCTTACGACCAGGGCTACACACGTGCTACAATGGCATATACAAAGAGAAGCGACCTCGCGAGAGCAAGCGGACCTCATAAAGTATGTCGTAGTCCGGATTGGAGTCTGCAACTCGACTCCATGAAGTCGGAATCGCTAGTAATCGTGGATCAGAATGCCACGGTGAATACGTTCCCGGGCCTTGTACACACCGCCCGTCACACCATGGGAGTGGGTTGCAAAAGAAGTAGGTAGCTTAACCTTCGGGAGGGCGCTTACCACTTTGTGATTCATGACTGGGGTGAAGTCGTAACAAGGTAACCGTAGGGGAACCTGCGGTTGGA
13,Firmicutes,GTGACAGGTGGTGCATGGTTGTCGTCAGCTCGTGTCGTGAGATGTTGGGTTAAGTCCCGCAACGAGCGCAACCCTTGATCTTAGTTGCCATCATTAAGTTGGGCACTCTAAGGTGACTGCCGGTGACAAACCGGAGGAAGGTGGGGATGACGTCAAATCATCATGCCCCTTATGACCTGGGCTACACACGTGCTACAATGGACGGTACAAAGAGCTGCAAGACCGCGAGGTGGAGCTAATCTCATAAAACCGTTCTCAGTTCGGATTGTAGGCTGCAACTCGCCTACATGAAGCTGGAATCGCTAGTAATCGCGGATCAGCATGCCGCGGTGAATACGTTCCCGGGCCTTGTACACACCGCCCGTCACACCACGAGAGTTTGTAACACCCGAAGTCGGTGGGGTAACCTTTTTGGAGCCAGCCGCCTAAGGTGGGACAGATGATTGGGGTGAAGTCGTAACAAGGTAGCCGTATCGGAAGG
14,Fibrobacteres,TCGTGTCGTGAGATGTTGGGTTAAGTCCCGCAACGAGCGCAACCCACGTTTCCAGTTGCCACCCGCAAGGGGGCCCTCTGGAGAGACTGCCGGGGACAACCCGGAGGAAGGTGTGGATGACGTCAAGTCCTCATGGCCCTTACATCCTGGGCTACACACGTGCTACAATGGTCGGTACAATGGGTCGCAACGCCGCGAGGCGGAGCCAATCCTCAAAGCCGTCCTCAGTTCGGATCGGAGTCTGCAACTCGACTCCGTGAAGCTGGAATCGCTAGTAATCGTGGGTCAGCACACCACGGTGAATACGTTCCCGGGCCTTGTACACACCGCCCGTCAAGCCATGGGAGAAGGGAGTGCTCTAAGTCGTGCAAGCGCCTAAAGCAAGACCTTTGACTGGGGCTAAGTCGTAACAAGGTAGCCGTACCGGAAGGTGCGGCTGGATTACCTCCTTT
15,Acidobacteria,GTTAAGTCCCGCAACGAGCGCAACCCTTATCTCCAGTTGCTACCATTTAGTTGAGCACTCTGGCGAAACCGCCTCGGATAACGGGGAGGAAGGTGGGGATGACGTCAAGTCCTCATGGCCTTTATGTCCAGGGCTACACACGTGCTACAATGGCCGGTACAAACCGCTGCAACCCCGCGAGGGTGAGCTAATCGGAAAAAGCCGGCCTCAGTTCGGATTGGAGTCTGCAACTCGACTCCATGAAGCTGGAATCGCTAGTAATCGTGGATCAGCATGCCACGGTGAATACGTTCCCGGGCCTTGTACACACCGCCCGTCACATCACGAAAGTGGGTTGCACTAGAAGTCGGTGCGCTAACCGCAAGGGAGCAGCCGCCCAAGGTGTAATTCATGATTGGGGTGAAGTCGTAACAAGGTAGCCGTAGGAGAACCTGCGGCTGGATCACCTCCTTT
16,Calditrichaeota,GCACAGGTGCTGCATGGCTGTCGTCAGCTCGTGTCGTGAGATGTTGGGTTAAGTCCCGCAACGAGCGCAACCCCTGCCTCTAGTTACCATCGGTTCAAGCCGGGGACTCTAGAGGGACTGCCGGCGATAAGCTGGAGGAAGGTGGGGATGACGTCAAGTCCTCATGGCCCTTACACCCCGGGCTACACACGTGCTACAATGGCCGGTACAGCGAGTTGCGAAACCGCGAGGTGGAGCCAATCTCTAAAAACCGGTCTCAGTTCGGATTGCAGTCTGCAACTCGACTGCATGAAGTCGGAATCGCTAGTAATCGCGGATCAGCATGCCGCGGTGAATACGTTCCCGGGCCTTGTACACACCGCCCGTCACGCCATGGAAGTCGGCAGTACCCGAAGCCCCCGCATTAGCGGGGTCGAAGGTAAGGCCGATGACTGGGGCGAAGTCGTAACAAGGTAGCCGTACCGGAAGGTGCGGCTGGATC
17,candidateNC10,AGCGTGGAGACAGGTGGTGCATGGCTGTCGTCAGCTCGTGTCGTGAGATGTTGGGTTAAGTCCCGCAACGAGCGCAACCCTCACCCCTGGTTGCCACCGGATAAAGCCGAGCACTCGAGGGGAACTGCCAGCGTCAAGCTGGAGGAAGGCGGGGATGACGTCAAGTCATCATGCCCCTTACGCCCTGGGCTACACACGTGCTACAATGGCCGGTACAAAGGGACGCGAGACCGCGAGGTGGAGCTAATCCCAAAAAACCGGTCTAAGTTCAGATTGCAGTCTGCAACTCGACTGCATGAAGGAGGAATCGCTAGTAATCGCGCATCAGCACGGCGCGGTGAATACGTTCCCGGGCCTTGTACACACCGCCCGTCACACCACGAAAGCTGTCTGTACTCGAAGTCGCTGAGCTAACCCGCAAGGGGGGCAGGCGCCGAAGGTATGGTCAGTGATTGGGGTGAAGTCGTAACAAGGTAGCCGT
18,Chloroflexi,GCAACGAGCGCAACCCGTGTCGGTAGTTACAGGTGTCTACCGAGACTGCCGCCGTGACCGGCGGAGGAAGGCGCGGATGACGTCAAGTCAGCATGGCCCTTACGTCCGGGGCGACACACACGCTACAATGGCCACGACAATGCGTTGCCAAGCCGCAAGGTGGAGCTAATCGCCTAAACGTGGTCTCAGTGCAGATCGGGGGCTGCAACTCGCCCCCGTGAAGGCGGAGTTGCTAGTAACCGCGTATCAGCCATGGCGCGGTGAATACGTTCCCGGGCCTTGTACACACCGCCCGTCACGTCATGGGAGTGGCCAATGCTTGAAGTCCGTGTGCTAACCCCAGTCGGGGAGGCAGCGGCCGAGGGCAGGGGCCGCGACTGGGACGAAGTCGTAACAAGGTAGCCGTACCGGAAGGTGCGGCTGGATCACCTCCTTT
19,Chrysiogenetes,CAGCTCGTGTCGTGAGATGTTGGGTTAAGTCCCGCAACGAGCGCAACCCCTGCCATTAGTTGCCATCATTAAGTTGGGCACTCTAGTGGGACAGCCGGAGTAATCCGGAGGAAGGTGGGGACGACGTCAAGTCATCATGGCCCTTATGACCAGGGCTACACACGTGCTACAATGGCAAGGACAACGGGATGCGACCTCGCGAGAGTGAGCCAACCTCAAAAACCTTGTCTTAGTTCGGATTGCAGTCTGCAACTCGACTGCATGAAGTCGGAATCGCTAGTAATCGCAGGTCAGCATACTGCGGTGAATACGTTCCCGGGCCTTGTACACACCGCCCGTCACACCACGAAAGTCGGTTTTGCCAGAAGCGGGTGACCGAATCTTCGGATAGGAGCCTTCGAAGGCAGGACTGGTGATTGGGGTGAAGTCGTAACAAGGTAGCCGTATCGGAAGGTGCGGCTGGATCACCTCCTTT
20,Bacteroidetes,TGGTTGTCGTCAGCTCGTGCCGTGAGGTGTCGGCTTAAGTGCCATAACGAGCGCAACCCTTATCTTCAGTTACTAACAGGTCATGCTGAGGACTCTGGAGAGACTGCCGTCGTAAGATGTGAGGAAGGTGGGGATGACGTCAAATCAGCACGGCCCTTACGTCCGGGGCTACACACGTGTTACAATGGGGGGTACAGAAGGCAGCTAGCGGGTGACCGTATGCTAATCCCAAAATCCTCTCTCAGTTCGGATCGAAGTCTGCAACCCGACTTCGTGAAGCTGGATTCGCTAGTAATCGCGCATCAGCCACGGCGCGGTGAATACGTTCCCGGGCCTTGTACACACCGCCCGTCAAGCCATGGGAGCCGGGGGTACCTGAAGTACGTAACCGCAAGGATCGTCCTAGGGTAAAACTGGTGACTGGGGCTAAGTCGTAACAAGGTAGCCGTACCGGAAGGTGCGGCTGGAACACCTCCTTT
21,Aquificae,GTGTCGTGAGATGTTGGGTTAAGTCCCGCAACGAGCGCAACCCTTGTCCTGTGTTACCAGCGGGTAATGCCGGGTACTCACAGGAGACTGCCGGCGATAAGCCGGAGGAAGGAGGGGATGACGTCAGATCAGTATGCCCTTTATGCCCTGGGCTACACAGGCGCTACAGTGGCAGGGACAATGGGCTGCAACGCCGTAAGGCGGAGCTAATCCCCTAAACCCTGTCGTGGTGCAGATTGAGGGTTGCAACTCACCCTCATGAAGGCGGAATCGGTAGTAATGGCGAATCAGCAATGTCGCCGTGAATACGTTCCCGGGTCTTGTACACACCGCCCGTCACGCCATGGGAGTCGGGTTCATCGGAAGTCCCCGAGCTAACCTGCAAAGGAGGCAGGGGCCGATGATGGGCCTGATGACTGGGGCGAAGTCGTAACAAGGTAGCCCTAGGGGAACCTGGGGCTGGATCACCTCCTTT
22,Caldiserica,ACACCCTATGGCACATGCACAGGTGCTGCATGGTTGTCGTCAGCTCGTGTCGTGAGATGTACGGTTAAGTCCGTGAACGAGCGCAACCCCTGCCCTTAGTTGCTAATAGGCTTCGGCCTATGCACTCTAAGGGGACTGCCAGCGATAAGCTGGAGGAAGGTGGGGATGACGTCAAATCCTCATGGCCCTTATGCCCAGGGCTACACACATGCGACAATGGTCGGGACAATGCGTTGCAAACCAGTAATGGGGAGCTAATCGCAAAAAACCGACCCCAGTACGGATTGAGGGTTGCAACTCACCCTCATGAAGCTGGAGTTGCTAGTAACCGCCGGTCAGCTATACGGCGATGAATACGTTCCCGGGTCTTGTACACACCGCCCGTCACACCACCCGAGTTGCGTGCACCCGAAGTGGCTCGGTGAGTCACGAAGGTGTGCGTGATGAGGAGGGTGAAGTCGTAACAAGGTAGGTGTACGAG
23,Thermotogae,AGCCGGCACAGGTGGTGCACGGCCGTCGTCAGCTCGTGCCGTGAGGTGTTGGGTTAAGTCCCGCAACGAGCGCAACCCCTGCCCCTAGTTGCCAGCGGTTCGGCCGGGCACTCTAGGGGGACTGCCGGCGACGAGCCGGAGGAAGGAGGGGATGACGTCAGGTACTCGTGCCCCTTATGCCCTGGGCGACACACGCGCTACAATGGGCGGTACAATGGGTTGCGACCCCGCGAGGGGGAGCCAATCCCCAAAACCGCCCTCAGTTCGGATCGCAGGCTGCAACCCGCCTGCGTGAAGCCGGAATCGCTAGTAATCGCGGATCAGCCACGCCGCGGTGAATACGTTCCCGGGCCTTGTACACACCGCCCGTCACGCCACCCGAGTCGGGGGCTCCCGAAGACACCTGCCCCAACCCGAAAGGGAGGGGGGGTGTTGAGGGAGAACCTGGTGAGGGGGGCGAAGTCGTAACAAGGTAGCCGTA
24,Tenericutes,TTGTCGTCAGCTCGTGTCGTGAGATGTTGGGTTAAGTCCCGCAACGAGCGCAACCCTTATCGTTAGTTACTTTGTCTAACGAGACTGCCAACGTAAGTTGGAGGAAGGTGGGGATGACGTCAAATCATCATGCCCCTTATGTCTAGGGCTGCAAACGTGCTACAATGGCCAATACAAACAGTTGCAAATCCGTAAGGTGGAGCTAATCTGTAAAGTTGGTCTCAGTTCGGATTGAGGGCTGCAATTCGCCCTCATGAAGTCGGAATCACTAGTAATCGCGAATCAGCCATGTCGCGGTGAATACGTTCTCGGGTCTTGTACACACCGCCCGTCAAACTATGAGAGCTGGTAATATCTAAAACCGTGTTGCTAACCGCAAGGAAGCGCATGTCTAGGGTAGGGCCGGTGATTGGAGTTAAGTCGTAACAAGGTACCCCTACGAGAACGTGGGGGTGGATTACCTCCTTT
25,Nitrospirae,GCAATCACACAGGTGCTGCATGGCTGTCGTCAGCTCGTGCCGTGAGGTGTTGGGTTCAGTCCCGCAACGAGCGCAACCCTCGCCCTTTGTTGCCATCGGGTAAAGCCGGGCACTCTAAGGGGACTGCCAGCGACAAGTTGGAGGAAGGAGAGGATGACGTCAAGTCATCATGGCCTTTATGCCTAGGGCCACACACGTGCAACAATGGCCGGTACAGACGGAGGCAATGCCGAGAGGCGGAGCAAACCCGAGAAAACCGGTCCCAGTTCGGATTGAGGTCTGCAACTCGACCTCATGAAGTCGGAATCGCTAGTAATCGCATATCAGAACGATGCGGTGAATACGTTCCCGGGCCTTGTACACACCGCCCGTCACACCACGAAAGTTTGTTGTACCCGAAGTCGGTGCCTTAACCTCGCAAGAGGAGAGAGCCGCCCAAGGTATGGCCGATGATTGGGGTGAAGTCGTAACAAGGTAGCCG
26,Lentisphaerae,GTGTTCGGTTAAGTCCGGCAACGAGCGCAACCCATATCCTTACTTGCTAACAGGTAATGCTGAGAACCTTAAGGAGACTGCCCGTGTTAAGCGGGAGGAAGGTGTGGACGACGTCAAGTCAGTATGGCCCTTACACCCGGGGCTGCACACGTGCTACAATGGCCGGTACAAAGGGCAGCGACATAGTGATATGGAGCGAATCCCCAAAACCGGTCTCAGTACGGATTGGAGTCTGCAACTCGACTCCATGAAGATGGAATCGCTAGTAAATGGGCATCAGCTACGGCTCATTGAATACGTTCCCGGGCCTTGTACACACCGCCCGTCACATCATGGGAGCTGAGTTCACCCGAAGTCGTTGCGCCAACCTGCTTGCAGGAGGCAGACGCCGAAGGTGGGCTTAGTGACTGGGATGAAGTCGTAACAAGGTAGCCGTTGGGGAACCAGCGGCTGGATCACCTCCTTT
27,Chlamydiae,AGGTGCTGCATGGCTGTCGTCAGCTCGTGCCGTGAGGTGTTGGGTTAAGTCCCGCAACGAGCGCAACCCTTATCGTTAGTTGCCAGCACTTAGGGTGGGAACTCTAACGAGACTGCCTGGGTTAACCAGGAGGAAGGCGAGGATGACGTCAAGTCAGCATGGCCCTTATGCCCAGGGCGACACACGTGCTACAATGGCCAGTACAGAAGGTAGCAAGATCGTGAGATGGAGCAAATCCTTAAAGCTGGCCCCAGTTCGGATTGTAGTCTGCAACTCGACTACATGAAGTCGGAATTGCTAGTAATGGCGTGTCAGCCATAACGCCGTGAATACGTTCCCGGGCCTTGTACACACCGCCCGTCACATCATGGGAGTTGGTTTTACCTTAAGTCGTTGACTCAACCCGCTAGGGTGAGAGGCGCCCAAGGTGAGGCTGATGACTAGGATGAAGTCGTAACAAGGTAGCCCTACCGGAAGGTGG
28,Planctomycetes,GCCGTGAGGTGTTGGGTTAAGTCCCCTAACGAGCGAAACCCCTGTGTCTAGTTGCCAGCGGGTCGTGCCGGGAACTCTAGACAGACCGCCGGCGTTAAGCCGGAGGAAGGCGGGGATGACGTCAAGTCCTCATGGCCCTTATGCTTGGGGCTGCACACGTACTACAATGGGGCGGACAGAGCGTTGCTAGGCTGCAAAGTCATGCTAATCGCAAAAACCGTTCCTCAGTTCGGATTGCGGGCTGCAACCCGCCCGCATGAAGCTGGAATCGCTAGTAATCGCGGATCAGCATGCCGCGGTGAATGTGTTCCTGAGCCTTGTACACACCGCCCGTCAAGCCACCAAAGCGGGGGGCATCCGAAGTCGCCGGAGCCGCAAGGCAGGCGCCGAAGATGAAACCCGTGATGGGGACTAAGTCGTAACAAGGTAACCGTAGGGGAACCTGCGGTTGGATCACCTCCTTT
29,Deferribacteres,GGGAGACAGGTGCTGCATGGCTGTCGTCAGCTCGTGCCGTGAGGTGTTGGGTTAAGTCCCGCAACGAGCGCAACCCCTACCCTTAGTTGCCATCGGTTAGGCCGGGCACTCTAAGGGGACTGCCCCGGATAACGGGGAGGAAGGTGGGGATGACGTCAAGTCATCATGGCCCTTATGTCCAGGGCTACACACGTGCTACAATGGGGCGTACAGAGGGCAGCGAAGCCGCGAGGCTGAGCGAATCTCAGAAAGCGCTCCTCAGTTCGGATCGCAGTCTGCAACTCGACTGCGTGAAGCCGGAATCGCTAGTAATCGCAGGTCAGCAAAACTGCGGTGAATACGTTCCCGGGCCTTGTACACACCGCCCGTCACACCACGGGAGTTGGCTATACCTGAAGCCGGTGGCCCAACCCAGGCAACTGGGGGGGAGCCGTCCATGGTATGGCTGGCGACTGGGGTGAAGTCGTAACAAGGTAGCCGT
30,Cyanobacteria,GCAACCCACGTTTTTAGTTGCCAGCATTTAGTTGGGCACTCTAGAAAGACCGCCGGTGATAAACCGGAGGAAGGTGTGGATGACGTCAAGTCATCATGCCCCTTACATCCTGGGCTACACACGTACTACAATGCTACGGACAAAGGGCAGCAAGCTCGCGAGAGCAAGCAAATCCCATAAACCGTGGCTCAGTTCAGATCGTAGGCTGCAACTCGCCTACGTGAAGTAGGAATCGCTAGTAATCGCAGGTCAGCATACTGCGGTGAATACGTTCCCGGGCCTTGTACACACCGCCCGTCACACCATGGAAGTTGGCCACGCCCGAAGTCGTTACTCCAACCCTTGTGGAGGAGGACGCCGAAGGTGGGGCTAATGACTGGGGTGAAGTCGTAACAAGGTAGCCGTACCGGAAGGTGCGGCTGGATCACCTCCTAA
31,Fusobacteria,TGTCGTGAGATGTTGGGTTAAGTCCCGCAACGAGCGCAACCCCTTTCGTATGTTACCATCATTAAGTTGGGGACTCATGCGATACTGCCTACGATGAGTAGGAGGAAGGTGGGGATGACGTCAAGTCATCATGCCCCTTATACGCTGGGCTACACACGTGCTACAATGGGTAGAACAGAGAGTTGCAAAGCCGTGAGGTGGAGCTAATCTCAGAAAACTATTCTTAGTTCGGATTGTACTCTGCAACTCGAGTACATGAAGTTGGAATCGCTAGTAATCGCGAATCAGCAATGTCGCGGTGAATACGTTCTCGGGTCTTGTACACACCGCCCGTCACACCACGAGAGTTGGTTGCACCTGAAGTAGCAGGCCTAACCGTAAGGAGGGATGTTCCGAGGGTGTGATTAGCGATTGGGGTGAAGTCGTAACAAGGTATCCGTACGGGAACGTGCGGATGGATCACCTCCTTT